File;Redirect_Link;Comment
Adaptergrundlagen.txt;Not_Needed;https://www.iobroker.net/docu/index-14.htm
index_Startseite_DE.htm;;
index-1_Downloads9.htm;;
index-1_Startseite_EN.htm;;
index-10_Einsteiger_Erster-Chart.htm;;
index-100_Englisch_Development.htm;https://www.iobroker.net/#de/documentation/dev/adapterdev.md;
index-101_Englisch_News2.htm;https://www.iobroker.net;Base_Redirect
index-102_Englisch_News3.htm;https://www.iobroker.net;Base_Redirect
index-103_Englisch_News4.htm;https://www.iobroker.net;Base_Redirect
index-104_Englisch_News5.htm;https://www.iobroker.net;Base_Redirect
index-105_Englisch_News6.htm;https://www.iobroker.net;Base_Redirect
index-106_Englisch_Footer_contact.htm;> not needed <;> not needed <
index-107_Englisch_Footer_imprint.htm;> not needed <;> not needed <
index-108_Englisch_Footer_privacy.htm;> not needed <;> not needed <
index-109_Englisch_Footer_sitemap.htm;> not needed <;> not needed <
index-11_Entwickler.htm;https://www.iobroker.net/#de/documentation/dev/adapterdev.md;
index-110_Englisch_Footer_THX.htm;> not needed <;> not needed <
index-111_Russisch_News01.htm;https://www.iobroker.net;Base_Redirect
index-112_Russisch_Einleitung.htm;;
index-113_Russisch_Installation.htm;https://www.iobroker.net/#de/documentation/install/windows.md;
index-114_Russisch_Installation_Raspberry-Jessie.htm;https://www.iobroker.net/#de/documentation/install/linux.md;
index-115_Russisch_Installation_Pine64-Jessie.htm;https://www.iobroker.net/#de/documentation/install/linux.md;
index-116_Russisch_Installation_Armbian.htm;https://www.iobroker.net/#de/documentation/install/linux.md;
index-117_Russisch_Installation_Adapter-und Controller-Update.htm;https://www.iobroker.net/#ru/documentation/tutorial/adapter.md;
index-118_Russisch_Video.htm;;
index-119_Russisch_Adapterinstall.htm;https://www.iobroker.net/#ru/documentation/tutorial/adapter.md;
index-12_Installation-Start.htm;https://www.iobroker.net/#de/documentation/install/README.md;
index-120_Russisch_Installation-_Debian.htm;https://www.iobroker.net/#de/documentation/install/linux.md;
index-121_Russisch_Adapter.htm;;
index-122_Russisch_Adapter_allgemein.htm;;
index-123_Russisch_Adapter_allgemein_Admin.htm;;
index-124_Russisch_Adapter_Hardware.htm;;
index-125_Russisch_Adapter_Hardware_MegaD-328.htm;;
index-126_Russisch_Adapter_Visualisierung.htm;;
index-127_Russisch_Adapter_Visualisierung_Flot.htm;;
index-128_Russisch_Adapter_Speicherung.htm;;
index-129_Russisch_Adapter_Speicherung_History.htm;;
index-13_Installation-Start_Videos.htm;> not needed <;
index-130_Russisch_Adapter_Speicherung_SQL.htm;;
index-131_Russisch_Adapter_Dienste.htm;;
index-132_Russisch_Adapter_Dienste_Geofency.htm;;
index-133_Russisch_Adapter_Multimedia.htm;;
index-134_Russisch_Adapter_Multimedia_Sayit.htm;;
index-135_Russisch_Adapter_Multimedia_mpd.htm;;
index-136_Russisch_Adapter_Sprache-und-Logik.htm;;
index-137_Russisch_Adapter_Sprache-und-Logik_Javascript.htm;;
index-138_Russisch_Adapter_Sprache-und-Logik_Text2command.htm;;
index-139_Russisch_Adapter_Netzwerk.htm;;
index-14_Installation-Start_Plattformen.htm;;
index-140_Russisch_Adapter_Netzwerk_Telegram.htm;;
index-141_Russisch_Adapter_Netzwerk_MQTT.htm;;
index-142_Russisch_Adapter_Netzwerk_email.htm;;
index-143_Russisch_Adapter_Gruppe-vis.htm;;
index-144_Russisch_Adapter_Gruppe-vis_vis-App.htm;;
index-145_Russisch_Adapter_Gruppe-vis_vis-players.htm;;
index-146_Russisch_Downloads.htm;https://www.iobroker.net/#de/download;base_Download
index-147_Russisch_Downloads_Installationsdownloads.htm;https://www.iobroker.net/#de/download;base_Download
index-148_Russisch_Forum-Support.htm;;
index-149_Russisch_Forum-Support_nodejs-0-12.htm;;
index-15_Installation-Start_Plattformen_Linux.htm;https://www.iobroker.net/#de/documentation/install/linux.md;
index-150_Russisch_Forum-Support_FAQ.htm;;
index-151_Russisch_Forum-Support_lets-encrypt.htm;;
index-152_Russisch_Entwicklung.htm;https://www.iobroker.net/#de/documentation/dev/adapterdev.md;
index-153_Russisch_News6.htm;https://www.iobroker.net;Base_Redirect
index-154_Russisch_News7.htm;https://www.iobroker.net;Base_Redirect
index-155_Russisch_News8.htm;https://www.iobroker.net;Base_Redirect
index-156_Russisch_News9.htm;https://www.iobroker.net;Base_Redirect
index-157_Russisch_News10.htm;https://www.iobroker.net;Base_Redirect
index-158_Russisch_Footer_Contact.htm;> not needed <;> not needed <
index-159_Russisch_Footer_Legal-Stuff.htm;> not needed <;> not needed <
index-16_Deutsch_News01.htm;https://www.iobroker.net/#de/documentation/install/linux.md;
index-16_Installation-Start_Plattformen_Pi1.htm;;
index-160_Russisch_Footer_Nutzungsvereinbarung.htm;> not needed <;> not needed <
index-161_Russisch_Footer_Sitemap.htm;> not needed <;> not needed <
index-162_Russisch_Footer_Danke.htm;> not needed <;> not needed <
index-163_Deutsch.htm;;
index-165_Deutsch_News02.htm;https://www.iobroker.net;Base_Redirect
index-166_Deutsch_News03.htm;https://www.iobroker.net;Base_Redirect
index-167_Deutsch_News04.htm;https://www.iobroker.net;Base_Redirect
index-168_Deutsch_News05.htm;https://www.iobroker.net;Base_Redirect
index-169_Deutsch_News06.htm;https://www.iobroker.net;Base_Redirect
index-17_Installation-Start_Plattformen_Windows.htm;;
index-170_Deutsch_News07.htm;https://www.iobroker.net;Base_Redirect
index-171_Deutsch_News08.htm;https://www.iobroker.net;Base_Redirect
index-172_Deutsch_News09.htm;https://www.iobroker.net;Base_Redirect
index-173_Deutsch_News10.htm;https://www.iobroker.net;Base_Redirect
index-174_Deutsch_News11.htm;https://www.iobroker.net;Base_Redirect
index-175_Deutsch_News12.htm;https://www.iobroker.net;Base_Redirect
index-176_Deutsch_News13.htm;https://www.iobroker.net;Base_Redirect
index-177_Deutsch_News14.htm;https://www.iobroker.net;Base_Redirect
index-178_Deutsch_News15.htm;https://www.iobroker.net;Base_Redirect
index-179_Deutsch_News16.htm;https://www.iobroker.net;Base_Redirect
index-18_Installation-Start_Plattformen_OSX.htm;;
index-180_Deutsch_News17.htm;https://www.iobroker.net;Base_Redirect
index-181_Deutsch_News18.htm;https://www.iobroker.net;Base_Redirect
index-182_Deutsch_News19.htm;https://www.iobroker.net;Base_Redirect
index-183_Deutsch_News20.htm;https://www.iobroker.net;Base_Redirect
index-184_Deutsch_News21.htm;https://www.iobroker.net;Base_Redirect
index-185_Deutsch_News22.htm;https://www.iobroker.net;Base_Redirect
index-186_Deutsch_News23.htm;https://www.iobroker.net;Base_Redirect
index-187_Deutsch_News24.htm;https://www.iobroker.net;Base_Redirect
index-188_Deutsch_News25.htm;https://www.iobroker.net;Base_Redirect
index-189_Deutsch_News26.htm;https://www.iobroker.net;Base_Redirect
index-19_Downloads_Images.htm;https://www.iobroker.net/#de/download;base_Download
index-190_Deutsch_News27.htm;https://www.iobroker.net;Base_Redirect
index-191_Deutsch_Adapter_Aufbewahrung_History.htm;;
index-192_Deutsch_Adapter_Hardware_HM-rpc.htm;;
index-193_Deutsch_Adapter_Hardware_HM-rega.htm;;
index-194_Deutsch_Adapter_Kategorie-Vis_VIS.htm;;
index-195_Deutsch_Adapter_Visualisierung_flot.htm;;
index-196_Deutsch_Installation-Start_Installation-eines-Adapters-und-Konfiguration-einer-Instanz.htm;https://www.iobroker.net/#de/documentation/tutorial/adapter.md?upgradeeinesadapters.md;
index-197_Deutsch_Installation-Start_Adapter-installieren-verwalten.htm;;
index-198_Deutsch_Installation-Start_Plattformen-Betriebssystem_ARM.htm;;
index-199_Englisch_Quick-start-with-linux.htm;https://www.iobroker.net/#en/documentation/install/linux.md;
index-2_Startseite_RU.htm;;
index-20_Installation-Start_Virtual-Box.htm;;
index-200_Deutsch_Downloads_Installation_Neuanfang-mit-Images.htm;https://www.iobroker.net/#de/download;base_Download
index-201_Deutsch_Downloads_Installation_Image-für-OPi.htm;https://www.iobroker.net/#de/download;base_Download
index-202_Deutsch_Downloads_Installation_Image-für-C2.htm;https://www.iobroker.net/#de/download;base_Download
index-203_Deutsch_Downloads_Installation_Image-für-Rock64.htm;https://www.iobroker.net/#de/download;base_Download
index-204_Deutsch_Downloads_Installation_Image-für-Tinkerboard.htm;https://www.iobroker.net/#de/download;base_Download
index-205_Deutsch_Downloads_Installation_Image-für-Pi2-3.htm;https://www.iobroker.net/#de/download;base_Download
index-206_Deutsch_Downloads_Installation_Image-für-Rock64.htm;https://www.iobroker.net/#de/download;base_Download
index-207_Deutsch_Downloads_Installation_Image-für-Pi2-3-mit-piVCCU.htm;https://www.iobroker.net/#de/download;base_Download
index-208_Deutsch_Downloads_Installation_Image-für-Pi2-3.htm;https://www.iobroker.net/#de/download;base_Download
index-209_Deutsch_Downloads_Installation_Image-für_Tinkerboard.htm;https://www.iobroker.net/#de/download;base_Download
index-21_Installation-Start_Plattformen_QNAP.htm;;
index-210_Deutsch_Downloads_Installation_Image-für-OPi.htm;https://www.iobroker.net/#de/download;base_Download
index-211_Deutsch_Downloads_Installation_Image-für-Cubietruck.htm;https://www.iobroker.net/#de/download;base_Download
index-212_Deutsch_Downloads_Installation_Image-für-Rock64.htm;https://www.iobroker.net/#de/download;base_Download
index-213_Deutsch_Downloads_Installation_Image-für-Pi1.htm;https://www.iobroker.net/#de/download;base_Download
index-214_Deutsch_Downloads_Installation_Image-für-Tinkerboard-mit-piVCCU.htm;https://www.iobroker.net/#de/download;base_Download
index-215_Deutsch_Downloads_Installation_Image-für-Pi2-3.htm;https://www.iobroker.net/#de/download;base_Download
index-216_Deutsch_Downloads_Installation_Image-für-Pi2-3-mit-piVCCU.htm;https://www.iobroker.net/#de/download;base_Download
index-217_Deutsch_Downloads_Installation_Image-für-Opi.htm;https://www.iobroker.net/#de/download;base_Download
index-218_Deutsch_Downloads_Installation_Image-für-Rock64.htm;https://www.iobroker.net/#de/download;base_Download
index-219_Deutsch_Downloads_Installation_Image-für-Pi2-3.htm;https://www.iobroker.net/#de/download;base_Download
index-22_Installation-Start_Plattformen_erster-Start.htm;;
index-220_Deutsch_Downloads_Installation_Image-für-Pi2-3.htm;https://www.iobroker.net/#de/download;base_Download
index-221_Deutsch_Downloads_Installation_Image-für-Pi2-3.htm;https://www.iobroker.net/#de/download;base_Download
index-222_Deutsch_Downloads_Installation_Image-für-Pi1.htm;https://www.iobroker.net/#de/download;base_Download
index-223_Deutsch_Downloads_Installation_Image-für-Pi2-3.htm;https://www.iobroker.net/#de/download;base_Download
index-224_Deutsch_Downloads_Installation_Image-für-BananaPi.htm;https://www.iobroker.net/#de/download;base_Download
index-225_Deutsch_Downloads_Installation_Image-für-BananaPi.htm;https://www.iobroker.net/#de/download;base_Download
index-226_Deutsch_Downloads_Installation_Image-für-Pine64.htm;https://www.iobroker.net/#de/download;base_Download
index-227_Deutsch_Downloads_Installation_Image-für-Cubietruck.htm;https://www.iobroker.net/#de/download;base_Download
index-228_Deutsch_Downloads_Installation_Image-für-Pi2-3.htm;https://www.iobroker.net/#de/download;base_Download
index-229_Deutsch_Downloads_Installation_Image-für-Cubietruck.htm;https://www.iobroker.net/#de/download;base_Download
index-23_Grundlagen-zu-Adaptern.htm;;
index-230_Deutsch_Downloads_Installation_Image-für-BananaPi.htm;https://www.iobroker.net/#de/download;base_Download
index-231_Deutsch_Downloads_Installation_Image-für-Cuboxi4.htm;https://www.iobroker.net/#de/download;base_Download
index-232_Deutsch_Downloads_Installation_Image-für-Pi2.htm;https://www.iobroker.net/#de/download;base_Download
index-233_Deutsch_Downloads_Installation_Image-für-Pi2-minimal.htm;https://www.iobroker.net/#de/download;base_Download
index-234_Deutsch_Adapter_Allgemein_Admin_Systemeinstellungen.htm;;
index-235_Deutsch_Adapter_Allgemein_Admin_Reiter-Adapter.htm;;
index-236_Englisch_Installation_Alexa-and-ioBroker.htm;;
index-237_Deutsch_Installation-Start-Alexa-mit-ioBroker_Generelle-Funktionsweise.htm;;
index-238_Deutsch_Installation-Start-Alexa-mit-ioBroker_manuelle-Vergabe-von-Namen.htm;;
index-239_Deutsch_Installation-Start-Alexa-mit-ioBroker_seltsame-Raumnamen.htm;;
index-24_Installation-Start_Multihost.htm;;
index-240_Deutsch_Installation-Start-Alexa-mit-ioBroker_Szenen-mit-Alexa-Aufrufen.htm;;
index-241_Deutsch_Adapter_Allgemein_Admin.htm;;
index-242_Deutsch_Adapter_Allgemein_Admin_Reiter-Instanzen.htm;;
index-243_Deutsch_Adapter_Allgemein_Admin_Reiter-Objekte.htm;;
index-244_Deutsch_Adapter_Allgemein_Admin_Reiter-Zustaende.htm;;
index-245_Deutsch_Adapter_Allgemein_Admin_Reiter-Ereignisse.htm;;
index-246_Deutsch_Adapter_Allgemein_Admin_Reiter-Benutzer.htm;;
index-247_Deutsch_Adapter_Allgemein_Admin_Reiter-Benutzer.htm;;
index-248_Deutsch_Adapter_Allgemein_Admin_Reiter-Aufzaehlungen.htm;;
index-249_Deutsch_Adapter_Allgemein_Admin_Reiter-Hosts.htm;;
index-25_Installation-Start_Alexa-cloud.htm;;
index-250_Deutsch_Adapter_Allgemein_Admin_Reiter-log.htm;;
index-251_Deutsch_Adapter_Allgemein_Homekit__leer.htm;;
index-252_Deutsch_Adapter_Allgemein_Tankerkoenig.htm;;
index-253_Deutsch_Adapter_Aufbewahrung_InfuxDB.htm;;
index-254_Deutsch_Adapter_Aufbewahrung_SQL.htm;;
index-255_Deutsch_Adapter_Hardware_Simatic-S7.htm;;
index-256_Deutsch_Adapter_Hardware_MegaD-325__leer.htm;;
index-257_Deutsch_Adapter_Hardware_Miele__leer.htm;;
index-258_Deutsch_Adapter_Hardware_ModBus__leer.htm;;
index-259_Deutsch_Adapter_Hardware_Homepilot.htm;;
index-26_Forum-Support_laeuft-nicht-mehr.htm;;
index-260_Deutsch_Adapter_Hardware_Fritzbox.htm;;
index-261_Deutsch_Adapter_Hardware_B-Control.htm;;
index-262_Deutsch_Adapter_Hardware_HomematicManager.htm;;
index-263_Deutsch_Adapter_Hardware_Philips-Hue__leer.htm;;
index-264_Deutsch_Adapter_Hardware_KNX__leer.htm;;
index-265_Deutsch_Adapter_Hardware_CUL__leer.htm;;
index-266_Deutsch_Adapter_Hardware_Harmony-Hub.htm;;
index-267_Deutsch_Adapter_Hardware_Artnet__leer.htm;;
index-268_Deutsch_Adapter_Hardware_Wolf-Heizung.htm;;
index-269_Deutsch_Adapter_Hardware_RFlink.htm;;
index-27_Installation-Start_Serialport-installieren.htm;;
index-270_Deutsch_Adapter_Kommunikation_eMail.htm;;
index-271_Deutsch_Adapter_Kommunikation_Ping.htm;;
index-272_Deutsch_Adapter_Kommunikation_Pushsafer.htm;;
index-273_Deutsch_Adapter_Kommunikation_pushover.htm;;
index-274_Deutsch_Adapter_Kommunikation_SocketIO__leer.htm;;
index-275_Deutsch_Adapter_Kommunikation_simple-Web.htm;;
index-276_Deutsch_Adapter_Medien_SayIt.htm;;
index-277_Deutsch_Adapter_Medien_Sonos.htm;;
index-278_Deutsch_Adapter_Medien_Chromecast__leer.htm;;
index-279_Deutsch_Adapter_Skripte-und-Logik_Javascript-mitBlockly.htm;;
index-28_Adapter_Übersicht.htm;;
index-280_Deutsch_Adapter_Skripte-und-Logik_Node-Red.htm;;
index-281_Deutsch_Adapter_Skripte-und-Logik_Szenen.htm;;
index-282_Deutsch_Adapter_Skripte-und-Logik_Javascript.htm;;
index-283_Deutsch_Adapter_Wartung_Geofency__leer.htm;;
index-284_Deutsch_Adapter_Visualisierung_Mobile__leer.htm;;
index-285_Deutsch_Adapter_Wetter_yr.htm;;
index-286_Deutsch_Adapter_Wetter_DWD.htm;;
index-287_Deutsch_Adapter_Wetter_Solarwetter.htm;;
index-288_Deutsch_Adapter_Kategorie-vis_Widget-Grundeinstellungen.htm;;
index-289_Deutsch_Adapter_Kategorie-vis_icons-ultimate__leer.htm;;
index-29_Adapter_Allgemein.htm;;
index-290_Deutsch_Adapter_Kategorie-vis_Widgets-alt--.htm;;
index-291_Deutsch_Adapter_Kategorie-vis_icons-open-library__leer.htm;;
index-292_Deutsch_Adapter_Kategorie-vis_icons-material-png__leer.htm;;
index-293_Deutsch_Adapter_Kategorie-vis_icons-material-svg__leer.htm;;
index-294_Deutsch_Adapter_Kategorie-vis_icons-mfd-svg__leer.htm;;
index-295_Deutsch_Adapter_Kategorie-vis_icons-mfd-png__leer.htm;;
index-296_Deutsch_Adapter_Kategorie-vis_time-and-weather.htm;> none < ;Need New
index-297_Deutsch_Adapter_Kategorie-vis_icons-addictive-flavour.htm;;
index-298_Deutsch_Adapter_Zeitplanung_ical.htm;;
index-299_Deutsch_Adapter_Zeitplanung_Feiertage.htm;;
index-3_Aktuelles_DE.htm;;
index-30_Adapter_Aufbewahrung.htm;;
index-300_Deutsch_Adapter_Zeitplanung_TV-Spielfilm.htm;;
index-301_Englisch_Adapter_Kategorie-vis_Android-App.htm;;
index-302_Deutsch_Scripte_Administration.htm;;
index-303_Deutsch_Scripte_Administration_Reverse-Proxy.htm;;
index-304_Deutsch_Scripte_Counter_Servicemeldungen-loggen.htm;;
index-305_Deutsch_Scripte_Counter_Zaehler-fuer-Hausgeraete.htm;;
index-306_Deutsch_Scripte_Counter_Betriebsstunden-und-Verbrauchsrechner.htm;;
index-307_Deutsch_Scripte_Counter_Stromverbrauch-erfassen.htm;;
index-308_Deutsch_Scripte_Counter_Zaehlen-von-Fenstern.htm;;
index-309_Deutsch_Scripte_Counter_Zaehlen-von-States.htm;;
index-31_Forum-Support_HowTo-MariaDB-auf Synology.htm;;
index-310_Deutsch_Scripte_Counter_Lowbat-Meldungen.htm;;
index-311_Deutsch_Scripte_Klima_Zweipunktregler.htm;;
index-312_Deutsch_Scripte_Klima_PI-Regler.htm;;
index-313_Deutsch_Scripte_Klima_Sensoroffset_Taupunkt-Feuchte.htm;;
index-314_Deutsch_Scripte_Klima_Stiebl-Eltron-ISG-auslesen.htm;;
index-315_Deutsch_Scripte_Klima_Raumlueftung-im-Sommer.htm;;
index-316_Deutsch_Scripte_Info-Status_Benzinpreise.htm;;
index-317_Deutsch_Scripte_Info-Status_Druckertinitenstand.htm;;
index-318_Deutsch_Scripte_Info-Status_Osterformel.htm;;
index-319_Deutsch_Scripte_Info-Status_gleitender-Durchschnitt.htm;;
index-32_Adapter_Hardware.htm;;
index-320_Deutsch_Scripte_Info-Status_Wetter-mit-WU.htm;;
index-321_Deutsch_Scripte_Medien_Bose-Soundtouch.htm;;
index-322_Deutsch_Scripte_Medien_Onkyo.htm;;
index-323_Deutsch_Scripte_Medien_TV-Spielfilm.htm;;
index-324_Deutsch_Scripte_Steuern-regeln_Anwesenheitssimulation.htm;;
index-325_Deutsch_Scripte_Steuern-regeln_BLE-Scanner.htm;;
index-326_Deutsch_Scripte_Steuern-regeln_Fronius-Symo-Hybrid.htm;;
index-327_Deutsch_Scripte_Steuern-regeln_Dynamische-Szenen-mit-HUE.htm;;
index-328_Deutsch_Scripte_Steuern-regeln_Sonnenstandswinkel.htm;;
index-329_Deutsch_Scripte_Zeitsteuerung_isTimeInRange.htm;;
index-33_Adapter_Kommunikation.htm;;
index-330_Deutsch_Scripte_Zeitsteuerung_isDateInRange.htm;;
index-331_Deutsch_Seitenfuss.htm;;
index-332_Deutsch_News30.htm;https://www.iobroker.net;Base_Redirect
index-333_Deutsch_News31.htm;https://www.iobroker.net;Base_Redirect
index-334_Deutsch_News33.htm;https://www.iobroker.net;Base_Redirect
index-335_Deutsch_News34.htm;https://www.iobroker.net;Base_Redirect
index-336_Deutsch_News35.htm;https://www.iobroker.net;Base_Redirect
index-337_Deutsch_News36.htm;https://www.iobroker.net;Base_Redirect
index-338_Deutsch_News37.htm;https://www.iobroker.net;Base_Redirect
index-339_Deutsch_News38.htm;https://www.iobroker.net;Base_Redirect
index-34_Adapter_Medien.htm;;
index-340_Deutsch_News39.htm;https://www.iobroker.net;Base_Redirect
index-341_Deutsch_News40.htm;https://www.iobroker.net;Base_Redirect
index-342_Deutsch_News41.htm;https://www.iobroker.net;Base_Redirect
index-343_Deutsch_News42.htm;https://www.iobroker.net;Base_Redirect
index-344_Deutsch_News43.htm;https://www.iobroker.net;Base_Redirect
index-345_Deutsch_News44.htm;https://www.iobroker.net;Base_Redirect
index-346_Deutsch_News45.htm;https://www.iobroker.net;Base_Redirect
index-347_Deutsch_News46.htm;https://www.iobroker.net;Base_Redirect
index-348_Deutsch_News47.htm;https://www.iobroker.net;Base_Redirect
index-349_Deutsch_News48.htm;https://www.iobroker.net;Base_Redirect
index-35_Adapter_Skripte-und-Logik.htm;;
index-350_Deutsch_News49.htm;https://www.iobroker.net;Base_Redirect
index-351_Deutsch_News50.htm;https://www.iobroker.net;Base_Redirect
index-352_Deutsch_News51.htm;https://www.iobroker.net;Base_Redirect
index-353_Deutsch_News52.htm;https://www.iobroker.net;Base_Redirect
index-354_Deutsch_News53.htm;https://www.iobroker.net;Base_Redirect
index-355_Deutsch_News54.htm;https://www.iobroker.net;Base_Redirect
index-356_Deutsch_News55.htm;https://www.iobroker.net;Base_Redirect
index-357_Deutsch_News56.htm;https://www.iobroker.net;Base_Redirect
index-358_Deutsch_News57.htm;https://www.iobroker.net;Base_Redirect
index-359_Deutsch_News58.htm;https://www.iobroker.net;Base_Redirect
index-36_Adapter_Kategorie-vis.htm;;
index-360_Deutsch_News59.htm;https://www.iobroker.net;Base_Redirect
index-361_Deutsch_News60.htm;https://www.iobroker.net;Base_Redirect
index-362_Deutsch_News61.htm;https://www.iobroker.net;Base_Redirect
index-363_Deutsch_News62.htm;https://www.iobroker.net;Base_Redirect
index-364_Deutsch_News63.htm;https://www.iobroker.net;Base_Redirect
index-365_Deutsch_News64.htm;https://www.iobroker.net;Base_Redirect
index-366_Deutsch_News65.htm;https://www.iobroker.net;Base_Redirect
index-367_Deutsch_Datenschutzerklaerung-FB.htm;;
index-368_Deutsch_Adapter_Zwave.htm;;
index-369_Deutsch_Vorlage-Adapterseiten.htm;;
index-37_Adapter_Kategorie-vis_VIS.htm;;
index-370_Deutsch_Shop.htm;;
index-371_Deutsch_Seitenfuss_Partner.htm;;
index-372_Deutsch_Installation-Start_Unterstuetzte-Hardware.htm;;
index-373_Deutsch_Installation-Start_eingebundene-Systeme.htm;;
index-374_Deutsch_Downloads_Installation_Image-für-Pi2-3-mit-YAHM.htm;https://www.iobroker.net/#de/download;base_Download
index-375_Deutsch_Downloads_Installation_Image-für-Pi2.htm;https://www.iobroker.net/#de/download;base_Download
index-376_Altkram_Downloads-für-die-Installation.htm;https://www.iobroker.net/#de/download;base_Download
index-377_Altkram_Fehler-melden-Jira.htm;;
index-378_Deutsch_Adapter_Protokolle_MQTT.htm;;
index-379_Englisch.htm;;
index-38_Adapter_Visualisierung.htm;;
index-380_Englisch_Posts-by-Homoran.htm;;
index-381_Englisch_News.htm;https://www.iobroker.net;Base_Redirect
index-382_Englisch_Posts-by-Eric2905.htm;;
index-383_Englisch_News01.htm;https://www.iobroker.net;Base_Redirect
index-384_Englisch_News02.htm;https://www.iobroker.net;Base_Redirect
index-385_Englisch_News03.htm;https://www.iobroker.net;Base_Redirect
index-386_Englisch_News04.htm;https://www.iobroker.net;Base_Redirect
index-387_Englisch_News05.htm;https://www.iobroker.net;Base_Redirect
index-388_Englisch_Archive_201902.htm;;
index-389_Englisch_Archive_201901.htm;;
index-39_Adapter_Wartung.htm;;
index-390_Englisch_Archive_201812.htm;;
index-391_Englisch_Archive_201801.htm;;
index-392_Englisch_Archive_201712.htm;;
index-393_Englisch_Archive_201711.htm;;
index-394_Englisch_Archive_201710.htm;;
index-395_Englisch_Archive_201609.htm;;
index-396_Englisch_Archive_201603.htm;;
index-397_Englisch_Adapter_Communication_eMail.htm;;
index-398_Englisch_Adapter_Category-vis_vis-players.htm;;
index-399_Russisch_Adapter_Hardware_RFlink.htm;;
index-4_Einleitung_DE.htm;;
index-40_Adapter_Wetter.htm;;
index-400_Englisch_Forum-Support_Console-Commands.htm;;
index-401_Russisch_Forum-Support_Console-Commands.htm;;
index-402_Englisch_Footer.htm;> not needed <;> not needed <
index-403_Englisch_News06.htm;https://www.iobroker.net;Base_Redirect
index-404_Englisch_News07.htm;https://www.iobroker.net;Base_Redirect
index-405_Englisch_News08.htm;https://www.iobroker.net;Base_Redirect
index-406_Englisch_News09.htm;https://www.iobroker.net;Base_Redirect
index-407_Englisch_News10.htm;https://www.iobroker.net;Base_Redirect
index-408_Englisch_News11.htm;https://www.iobroker.net;Base_Redirect
index-409_Englisch_News12.htm;https://www.iobroker.net;Base_Redirect
index-41_Adapter_Zeitplanung.htm;;
index-410_Englisch_News13.htm;https://www.iobroker.net;Base_Redirect
index-411_Englisch_News14.htm;https://www.iobroker.net;Base_Redirect
index-412_Englisch_News15.htm;https://www.iobroker.net;Base_Redirect
index-413_Englisch_News16.htm;https://www.iobroker.net;Base_Redirect
index-414_Englisch_News17.htm;https://www.iobroker.net;Base_Redirect
index-415_Englisch_News18.htm;https://www.iobroker.net;Base_Redirect
index-416_Englisch_News19.htm;https://www.iobroker.net;Base_Redirect
index-417_Englisch_News20.htm;https://www.iobroker.net;Base_Redirect
index-418_Englisch_Prologue.htm;;
index-419_Englisch_Footer_Partners.htm;> not needed <;> not needed <
index-42_Scripte.htm;;
index-420_Russisch.htm;;
index-421_Russisch_Posts-by-Homoran.htm;;
index-422_Russisch_News01.htm;https://www.iobroker.net;Base_Redirect
index-423_Russisch_Posts-by-Bluefox.htm;;
index-424_Russisch_News02.htm;https://www.iobroker.net;Base_Redirect
index-425_Russisch_News03.htm;https://www.iobroker.net;Base_Redirect
index-426_Russisch_News04.htm;https://www.iobroker.net;Base_Redirect
index-427_Russisch_News05.htm;https://www.iobroker.net;Base_Redirect
index-428_Russisch_Archiv_201902.htm;;
index-429_Russisch_Archiv_201812.htm;;
index-43_Scripte_Einführung-Programmierung-Javascript.htm;;
index-430_Russisch_Archiv_201711.htm;;
index-431_Russisch_Archiv_201609.htm;;
index-432_Russisch_Archiv_201606.htm;;
index-433_Russisch_Archiv_201605.htm;;
index-434_Russisch_Archiv_201603.htm;;
index-435_Russisch_Adapter_Visualisierung_mobile.htm;;
index-436_Russisch_Adapter_Multimedia_Kodi.htm;;
index-437_Russisch_Footer.htm;> not needed <;> not needed <
index-438_Russisch_Installation_Installation.htm;;
index-439_Russisch_Installation_erster-Start-von-ioBroker.htm;;
index-44_Scripte_Counter.htm;;
index-440_Russisch_Footer_Partner.htm;> not needed <;> not needed <
index-441_Deutsch_Posts-by-Homoran_02.htm;;
index-442_Deutsch_Aktuelles_02.htm;;
index-443_Deutsch_Archiv_2019.htm;;
index-444_Deutsch_Archiv_2018.htm;;
index-445_Deutsch_Archiv_2017.htm;;
index-446_Deutsch_Posts-by-Bluefox.htm;;
index-447_Deutsch_Archiv_2016.htm;;
index-448_Deutsch_Posts-by-Maxtox.htm;;
index-449_Deutsch_Posts-by-Michael.htm;;
index-45_Scripte_Heizung-und-Lueftung.htm;;
index-450_Deutsch_getaggt-Adapter.htm;;
index-451_Deutsch_getaggt-Admin.htm;;
index-452_Deutsch_getaggt-Feedback.htm;;
index-453_Deutsch_getaggt-Homepage.htm;;
index-454_Deutsch_getaggt-Layout.htm;;
index-455_Deutsch_News101.htm;https://www.iobroker.net;Base_Redirect
index-456_Deutsch_News102.htm;https://www.iobroker.net;Base_Redirect
index-457_Englisch_Posts-by-Homoran-02.htm;;
index-458_Englisch_News_Page02.htm;https://www.iobroker.net;Base_Redirect
index-459_Englisch_Archiv_2019.htm;;
index-46_Scripte_Infor,mation-und-Statusmeldung.htm;;
index-460_Englisch_Archiv_2018.htm;;
index-461_Englisch_Archiv_2017.htm;;
index-462_Englisch_Archiv_2016.htm;;
index-463_Englisch_Posts-by-Bluefox.htm;;
index-464_Russisch_Archiv_2019.htm;;
index-465_Russisch_Archiv_2018.htm;;
index-466_Russisch_Archiv_2017.htm;;
index-467_Russisch_Archiv_2016.htm;;
index-468_Deutsch_Posts-by-Homoran_03.htm;;
index-469_Deutsch_Archiv_Allgemein.htm;;
index-47_Scripte_Mediensteuerung.htm;;
index-470_Deutsch_News103.htm;https://www.iobroker.net;Base_Redirect
index-471_Deutsch_News104.htm;https://www.iobroker.net;Base_Redirect
index-472_Deutsch_News105.htm;https://www.iobroker.net;Base_Redirect
index-473_Deutsch_Archiv_2018.htm;;
index-474_Deutsch_Archiv_2019.htm;;
index-475_Deutsch_News106.htm;https://www.iobroker.net;Base_Redirect
index-476_Deutsch_News107.htm;https://www.iobroker.net;Base_Redirect
index-477_Deutsch_News108.htm;https://www.iobroker.net;Base_Redirect
index-478_Deutsch_News109.htm;https://www.iobroker.net;Base_Redirect
index-479_Deutsch_News110.htm;https://www.iobroker.net;Base_Redirect
index-48_Scripte_Steuern-und-Regeln.htm;;
index-480_Deutsch_News111.htm;https://www.iobroker.net;Base_Redirect
index-481_Deutsch_News112.htm;https://www.iobroker.net;Base_Redirect
index-482_Deutsch_News113.htm;https://www.iobroker.net;Base_Redirect
index-483_Deutsch_News114.htm;https://www.iobroker.net;Base_Redirect
index-484_Deutsch_News115.htm;https://www.iobroker.net;Base_Redirect
index-485_Deutsch_News116.htm;https://www.iobroker.net;Base_Redirect
index-486_Deutsch_News117.htm;https://www.iobroker.net;Base_Redirect
index-487_Deutsch_News118.htm;https://www.iobroker.net;Base_Redirect
index-488_Deutsch_News119.htm;https://www.iobroker.net;Base_Redirect
index-489_Deutsch_News120.htm;https://www.iobroker.net;Base_Redirect
index-49_Scripte_Zeitsteuerung.htm;;
index-490_Deutsch_News121.htm;https://www.iobroker.net;Base_Redirect
index-491_Deutsch_News_Archive_02.htm;https://www.iobroker.net;Base_Redirect
index-492_Englisch_Archiv_2017.htm;;
index-493_Russisch_News_101.htm;https://www.iobroker.net;Base_Redirect
index-494_Russisch_News_102.htm;https://www.iobroker.net;Base_Redirect
index-495_Deutsch_Aktuelles_03.htm;;
index-496_Englisch_News_03.htm;https://www.iobroker.net;Base_Redirect
index-497_Deutsch_Allgemein_Archiv_03.htm;;
index-498_Englisch_Archiv_News_03.htm;https://www.iobroker.net;Base_Redirect
index-499_Deutsch_Aktuelles_04.htm;;
index-5_Einsteiger_Willkommen.htm;;
index-50_Downloads.htm;https://www.iobroker.net/#de/download;base_Download
index-500_Deutsch_Allgemein_Archiv_04.htm;;
index-501_Deutsch_Aktuelles_05.htm;;
index-502_Deutsch_Allgemein_Archiv_05.htm;;
index-51_Forum-Support.htm;;
index-52_Forum-Support_Glossar.htm;;
index-53_Forum-Support_FAQ.htm;;
index-54_Forum-Support_Troubleshooting.htm;;
index-55_Forum-Support_HowTos.htm;;
index-56_Allgemein_News01.htm;https://www.iobroker.net;Base_Redirect
index-57_Allgemein_News02.htm;https://www.iobroker.net;Base_Redirect
index-58_Allgemein_News03.htm;https://www.iobroker.net;Base_Redirect
index-59_Allgemein_News04.htm;https://www.iobroker.net;Base_Redirect
index-6_Einsteiger_Server-aufsetzen.htm;;
index-60_Allgemein_News05.htm;https://www.iobroker.net;Base_Redirect
index-61_Seitenfuss_Kontakt.htm;;
index-62_Seitenfuss_Impressum.htm;;
index-63_Seitenfuss_Datenschutzerklaerung.htm;;
index-64_Seitenfuss_Sitemap.htm;;
index-65_Seitenfuss_Danke.htm;;
index-66_Englisch_News1.htm;https://www.iobroker.net;Base_Redirect
index-67_Englisch_Installation.htm;;
index-68_Englisch_Installation_RaspBerry-Jessie.htm;;
index-69_Englisch_Installation_Pine64-Jessie.htm;;
index-7_Einsteiger_Erster-Start.htm;;
index-70_Englisch_Installation_Video.htm;;
index-71_Englisch_Installation_HowTo-node.on-linux.htm;;
index-72_Englisch_Installation_Short-instruction-debian.htm;;
index-73_Englisch_Installation_Node-on-pogo-plug.htm;;
index-74_Englisch_Adapter.htm;;
index-75_Englisch_Adapter_common.htm;;
index-76_Englisch_Adapter_common_admin.htm;;
index-77_Englisch_Adapter_media.htm;;
index-78_Englisch_Adapter_media_sayit.htm;;
index-79_Englisch_Adapter_scripts-and-logic.htm;;
index-8_Einsteiger_Erste-Vis.htm;;
index-80_Englisch_Adapter_scripts-and-logic_text2command.htm;;
index-81_Englisch_Adapter_scripts-and-logic_javascript.htm;;
index-82_Englisch_Adapter_storage.htm;;
index-83_Englisch_Adapter_storage_history.htm;;
index-84_Englisch_Adapter_communication_pushsafer.htm;;
index-85_Englisch_Adapter_storage_SQL.htm;;
index-86_Englisch_Adapter_communication.htm;;
index-87_Englisch_Adapter_communication_telegram.htm;;
index-88_Englisch_Adapter_communication_MQTT.htm;;
index-89_Englisch_Adapter_hardware.htm;;
index-9_Einsteiger_Daten-loggen.htm;;
index-90_Englisch_Adapter_hardware_Siemens-S7.htm;;
index-91_Englisch_Adapter_hardware_RFlink.htm;;
index-92_Englisch_Adapter_category-vis.htm;;
index-93_Englisch_Adapter_visualisation.htm;;
index-94_Englisch_Adapter_visualisation_Flot.htm;;
index-95_Englisch_Downloads.htm;https://www.iobroker.net/#de/download;base_Download
index-96_Englisch_Adapter_visualisation_Downloads-for -installation.htm;https://www.iobroker.net/#de/download;
index-97_Englisch_Forum-Support.htm;;
index-98_Englisch_Forum-Support_Command-line-interface.htm;;
index-99_Englisch_Forum-Support_iobroker-does-not-run-anymore.htm;;
overview.csv;;